Account No,Year,Annual Expense,Annual Income,End of Year Balance
101531259.0,2023,-17627.58,16967.5,227.9720999999995
104832000.0,2023,-25115.52,20550.0,-3185.524858905844
105375973.0,2023,-10067.279999999999,9000.0,509.3096528189405
106601471.0,2023,-7760.01,18425.0,11920.401862653182
108481285.0,2023,-15062.28,25104.0,10704.071829999568
108563213.0,2023,-16493.64,41239.0,26334.35497222293
108812033.0,2023,-9641.1,9130.0,717.0645999999981
108931112.0,2023,-38492.43,53519.0,16502.503088505637
111137699.0,2023,-21786.870000000003,20100.0,-79.90454999999929
113747882.0,2023,-16186.61,28425.0,13639.40388862525
116169597.0,2023,-17932.51,19217.5,1790.0269499999995
116598243.0,2023,-21076.01,22872.0,3634.474221777451
117273481.0,2023,-26986.34,37136.0,10921.647052867636
117308635.0,2023,-16111.150000000001,17550.0,2175.931176555349
119943495.0,2023,-7128.969999999999,4400.0,-1347.917562112858
119993184.0,2023,-24054.699999999997,20544.0,-2234.6744029108613
120634201.0,2023,-23335.65,28611.0,6126.390521925363
121113546.0,2023,-7866.350000000001,5250.0,-1144.3468439301305
121858569.0,2023,-40907.25,41250.0,1900.791150000002
122884111.0,2023,-18326.809999999998,15180.0,-1958.9585830729688
124102251.0,2023,-23017.96,22999.199999999993,1274.3196680143317
124125096.0,2023,-34396.84,32709.92,254.1084443878018
124377686.0,2023,-3899.7999999999997,0.0,-3074.7873999999965
126929801.0,2023,-19518.41,20267.5,2591.158819212564
127809299.0,2023,-10701.240000000002,12060.0,2576.975771126573
128030172.0,2023,-4525.339999999999,3360.0,-623.3421274498501
128033695.0,2023,-17764.440000000002,19441.199999999997,2625.9024201137545
129018172.0,2023,-22929.09,32442.59999999999,10401.049468025863
130154096.0,2023,-30991.45,30668.0,1038.5328328480243
130522384.0,2023,-23261.059999999998,20843.04,-448.0138156208604
131388684.0,2023,-28334.420000000002,52500.0,24809.806084551117
132400709.0,2023,-5182.699999999999,4070.0,714.4670351539396
133755851.0,2023,-34923.340000000004,34848.0,660.689248138252
134461671.0,2023,-36566.479999999996,41250.0,6341.531001320822
134847904.0,2023,-43921.62,45309.0,3318.7619834790694
135937041.0,2023,-25445.88,23316.0,-547.390348268412
136770968.0,2023,-7702.859999999999,6820.0,-135.34080000000046
137822385.0,2023,-29769.03,33276.0,4272.025703161885
137913631.0,2023,-28518.15,28632.0,1696.9082499999995
138351025.0,2023,-18968.840000000004,18425.0,-587.8763500000005
138609932.0,2023,-6756.780000000001,8010.0,1988.2040032945856
138969884.0,2023,-19248.410000000003,19152.0,625.5848999999995
140893085.0,2023,-15395.86,22999.199999999993,7895.613056365462
141521177.0,2023,-25658.109999999993,33000.0,7967.919900000015
142791593.0,2023,-20490.070000000003,19650.0,-41.08530000000036
143003091.0,2023,-21194.94,32098.0,12589.331013557226
143061865.0,2023,-20141.18,27599.0,8033.846634939098
143383029.0,2023,-8598.349999999999,6500.0,-1131.3359193476613
143606916.0,2023,-9991.82,8880.0,395.8453540291896
145387690.0,2023,-21121.39,26590.0,6198.162708345381
145553416.0,2023,-3437.89,0.0,-2909.8931499999976
146686559.0,2023,-22598.98,20100.0,-654.876911173478
146909202.0,2023,-27102.71,29397.0,4562.404575783505
147341222.0,2023,-8506.48,4840.0,-1950.4778753207956
147474476.0,2023,-34935.009999999995,37500.0,3622.014859120132
147508204.0,2023,-9881.210000000001,8880.0,315.01471778188653
149684419.0,2023,-14951.33,14520.0,1411.606799999998
151278285.0,2023,-32537.86,32840.0,1321.1211499999995
151916463.0,2023,-18890.65,18425.0,1188.177555599169
151968462.0,2023,-32803.659999999996,40512.0,8946.481461960946
152488934.0,2023,-31090.850000000002,31777.199999999993,2545.127157313732
152616936.0,2023,-14782.329999999998,15230.0,1131.7120078630646
154246234.0,2023,-22479.28,20472.0,-851.2951078978956
155317149.0,2023,-8212.060000000001,6980.0,-891.9885000000011
155867488.0,2023,-14276.25,13580.0,227.78669999999832
158414827.0,2023,-23115.510000000002,20009.0,-1527.540000000002
158766229.0,2023,-7368.24,5160.0,-556.26388589347
160166876.0,2023,-9493.66,9720.0,916.3300405862434
162162212.0,2023,-26729.9,25470.0,-447.358956672691
162370388.0,2023,-22791.83,18425.0,-2494.8503999999984
163470640.0,2023,-24707.02,24904.0,914.9322999999996
165045150.0,2023,-14394.42,13080.0,-556.7514385971443
165098840.0,2023,-10615.91,8290.0,-754.9131263623731
165691047.0,2023,-20371.21,20267.5,439.62829999999866
166019891.0,2023,-23528.670000000002,32087.0,9482.47105076686
168414279.0,2023,-8679.54,7480.0,209.4747842749213
169006407.0,2023,-22122.700000000004,34440.0,13234.901783182886
169689461.0,2023,-25720.35,25003.0,978.643149999999
170233640.0,2023,-6961.93,5320.0,-716.9016100501027
170637730.0,2023,-23505.2,24252.0,1772.473201280178
172084472.0,2023,-36423.939999999995,34796.0,-1121.9407215957183
173317688.0,2023,-3964.2200000000003,0.0,-2568.201234884283
173335108.0,2023,-17017.1,16600.0,1282.904000000001
175452235.0,2023,-20338.12,17990.0,-606.3257499999996
176922958.0,2023,-23091.500000000004,24252.0,2360.5325471976503
179173981.0,2023,-16386.520000000004,20075.0,4459.4804211475775
180616589.0,2023,-20586.02,20796.0,1574.6108282361097
180719578.0,2023,-5373.6,0.0,-4765.577749999993
183186021.0,2023,-13004.28,12060.0,-321.2200499999989
183546640.0,2023,-22694.67,22110.0,288.3406973477338
183888402.0,2023,-29991.660000000003,50004.0,20811.415741948887
184430449.0,2023,-26597.43,28600.0,3533.55633239109
187111705.0,2023,-30080.75,36666.630000000005,7678.106332690096
187541224.0,2023,-26418.050000000003,27600.0,2773.934627433773
188263947.0,2023,-38802.869999999995,35430.0,600.3660500000008
189335192.0,2023,-24666.97,22110.0,-1220.6507017578606
189757473.0,2023,-3995.9499999999994,0.0,-2432.963649999999
190874125.0,2023,-1727.6100000000001,0.0,133.39301421356726
191161970.0,2023,-5797.390000000001,0.0,-4325.280999999993
191992682.0,2023,-4835.1,0.0,-3034.0914602920625
192202372.0,2023,-19097.2,17710.0,219.83608751722232
194023154.0,2023,-3784.4399999999996,0.0,-2860.832171784732
194745206.0,2023,-18403.629999999997,16080.0,-498.5906279087568
195895574.0,2023,-15930.81,22231.0,7788.028124553097
196289502.0,2023,-20261.67,37136.0,18234.753041109903
197050303.0,2023,-19983.02000000001,18425.0,254.33943256349497
197779140.0,2023,-3885.55,2040.0,-449.5477000000004
197865285.0,2023,-35044.55,34440.0,432.3933117312204
198051483.0,2023,-20844.159999999996,18510.0,-787.1019104088573
198630866.0,2023,-5898.83,4330.0,-679.8267735612685
198946608.0,2023,-19950.120000000003,24000.0,4654.112882807986
199016328.0,2023,-26226.79,30820.0,6467.201035099075
200080192.0,2023,-24987.83,33600.0,9773.744708105472
202320275.0,2023,-6268.38,4730.0,-844.3985500000006
203466392.0,2023,-33188.89,34099.92,2651.441696095524
204855464.0,2023,-25974.78,22092.599999999995,-882.5477886396163
208381936.0,2023,-11271.64,9880.0,-682.6755782217451
211493028.0,2023,-8263.27,9000.0,1425.731449999999
212560376.0,2023,-9280.369999999999,7250.0,-134.41287422089783
213096759.0,2023,-7972.4400000000005,5160.0,-1299.4191082144391
213112754.0,2023,-28181.690000000002,34440.0,6535.148770299568
213930646.0,2023,-4257.4299999999985,2100.0,-1550.4445634725632
214339619.0,2023,-24264.16,22999.199999999993,-31.96463583011267
214765415.0,2023,-10980.57,9180.0,-573.5606488501354
215311171.0,2023,-14199.48,18528.0,6088.249923382263
215404070.0,2023,-10406.400000000001,10000.0,656.8375891798496
215426302.0,2023,-23370.230000000003,20267.5,309.670404025692
215832575.0,2023,-21648.53,18425.0,-1307.54196374422
216285378.0,2023,-15552.89,40512.0,26274.17211352841
216286013.0,2023,-8542.16,7370.0,-25.12632345486658
217540156.0,2023,-4974.219999999999,0.0,-3811.232319999993
218795010.0,2023,-19315.64,18465.0,-127.1737500000006
219399150.0,2023,-1976.0400000000002,0.0,-986.0225269529268
220183538.0,2023,-32088.98,32670.0,1029.5735999999995
221356538.0,2023,-18033.59,18425.0,990.6313999999996
221868392.0,2023,-26731.25,30470.0,5502.831091927804
223207876.0,2023,-20540.46,19060.0,-388.6703999999995
224112146.0,2023,-9882.89,9130.0,478.05979999999965
224215364.0,2023,-3722.92,0.0,-1984.925092088279
224524792.0,2023,-4061.86,0.0,-2426.833182430848
225210798.0,2023,-24089.29,23350.0,1035.275317359389
226703987.0,2023,-24157.78,25282.0,2327.2601365470746
227104649.0,2023,-21136.43,20100.0,496.5823843161784
228136274.0,2023,-24002.18,24007.5,1316.3509299999996
229205098.0,2023,-23272.74,30108.0,8320.990344041444
229502829.0,2023,-5617.51,0.0,-4106.445424186246
233981231.0,2023,-18452.55,20267.5,2936.7807227241697
234952520.0,2023,-4785.5,3420.0,303.54639999999875
235310449.0,2023,-20098.66,21020.0,1589.31118483031
235663459.0,2023,-24946.44,24142.0,1134.558929812015
235881534.0,2023,-15453.410000000002,26000.0,14522.01579551679
237493332.0,2023,-25914.659999999996,41239.0,16955.563702600062
237684254.0,2023,-12548.49,18425.0,7080.611596857049
240643705.0,2023,-32080.0,32518.0,557.0217988343001
241459011.0,2023,-19177.440000000002,19441.199999999997,841.7389132723465
242218612.0,2023,-10509.289999999999,8970.0,-444.3011999999994
245198540.0,2023,-20048.060000000005,18425.0,-336.45860119822044
245690309.0,2023,-21599.68,32496.0,11431.182780397
246753533.0,2023,-20068.02,18766.0,519.9972999999982
248142083.0,2023,-7899.960000000001,6050.0,-456.8265652974833
248625662.0,2023,-12618.97,11320.0,133.65308428485235
248658670.0,2023,-20745.39,17670.0,-162.80834999999996
250895529.0,2023,-26539.170000000002,27140.0,1895.824532469289
250957494.0,2023,-8083.68,8580.0,987.3327499999984
252419513.0,2023,-4311.04,400.0,-2463.1311858134145
252701364.0,2023,-5189.800000000001,0.0,-4179.813672677914
252760664.0,2023,-28320.24,34999.2,7647.841241461462
252964502.0,2023,-1838.5500000000002,0.0,-938.5450224913006
254018059.0,2023,-3223.9899999999984,2400.0,-0.0005000000000059
254853117.0,2023,-26756.29,28500.0,2934.0707773361983
255814263.0,2023,-35140.869999999995,35988.0,2201.150603488462
256002321.0,2023,-30096.89,36663.0,7582.389936681895
256045540.0,2023,-24851.9,19581.199999999997,-3937.7138999999993
257633312.0,2023,-22003.83,20267.5,59.59369999999899
258201793.0,2023,-11309.009999999998,8350.0,-1366.9348000000002
259015404.0,2023,-27430.25,26796.0,1145.3498366218162
261793952.0,2023,-9775.48,8400.0,-412.4407397961851
261894284.0,2023,-10697.54,6460.0,-3248.6037999999967
262767079.0,2023,-8013.35,5940.0,-1254.3215000000007
263882093.0,2023,-6985.719999999999,5280.0,-1178.713800000001
264208990.0,2023,-32167.870000000003,32098.0,1295.4334999999985
264550521.0,2023,-25611.309999999998,31210.0,7112.292628948262
266777719.0,2023,-30884.46,30240.0,109.52493378023968
270374623.0,2023,-24526.289999999997,34386.0,11322.717721142086
272538745.0,2023,-15517.1,32082.599999999995,17447.508374448127
274818272.0,2023,-22597.71,21828.0,487.30757856713126
277562576.0,2023,-20658.52,20100.0,214.795894778178
279149837.0,2023,-17983.77,17624.0,1237.2810499999994
280098744.0,2023,-23242.449999999997,23370.0,932.5753778716668
280130290.0,2023,-5211.8,4620.0,24.17024999999949
280200287.0,2023,-11137.56,9220.0,-563.562953386949
280268430.0,2023,-20147.22,25223.0,6396.739433262342
280990953.0,2023,-10306.490000000002,9180.0,205.539699999998
282046994.0,2023,-9017.14,7150.0,-315.1446499999996
282102606.0,2023,-29944.65000000001,30034.0,825.3481624228265
282837512.0,2023,-16765.99,32098.0,15930.020664139694
283027736.0,2023,-10517.830000000002,9480.0,-68.8107560298273
284161641.0,2023,-10118.830000000002,8060.0,-160.82768895942422
284905540.0,2023,-24172.9,32328.0,9360.68880574533
285115279.0,2023,-4393.58,0.0,-3638.5796107892857
285220959.0,2023,-41432.380000000005,53019.0,12650.647598201354
285428103.0,2023,-21207.33,31777.199999999993,11736.868336586644
285873880.0,2023,-12183.96,23400.0,13084.061034812446
286484726.0,2023,-19063.23,19125.0,706.2388129418447
287230540.0,2023,-25318.619999999995,25212.0,974.4409977638752
287480331.0,2023,-20274.48,28836.0,8985.361264385274
290751280.0,2023,-20635.16,19500.0,-31.17495332517447
290818242.0,2023,-23700.559999999998,28600.0,6196.649246938613
291128777.0,2023,-3847.43,0.0,-2926.411440526368
291580432.0,2023,-31247.02,29664.0,-19.22579999999985
293191074.0,2023,-20507.43,20163.0,1226.558149999999
293609137.0,2023,-7381.93,6480.0,-3.899507425501868
294474095.0,2023,-4022.7399999999993,0.0,-2684.728786499237
296770890.0,2023,-20646.760000000002,20855.04,1379.2820103790832
296972867.0,2023,-18575.930000000004,18425.0,-909.9189000000008
297823329.0,2023,-18084.410000000003,18425.0,881.3686499999991
298000165.0,2023,-22658.58,50004.0,29147.404216517487
298007503.0,2023,-16818.09,18832.0,2559.1541036256344
299652176.0,2023,-11742.960000000001,7800.0,-2422.955616743121
299871610.0,2023,-11987.64,12250.0,826.3506530587667
300095518.0,2023,-6808.75,5280.0,139.23502834141766
303843160.0,2023,-22776.36,21900.0,165.6398000000012
304455868.0,2023,-18114.69,17556.0,1305.5058798978748
305778936.0,2023,-21761.34,32098.0,11083.122944862247
308068836.0,2023,-30834.72,29664.0,634.7815225681923
308505160.0,2023,-27322.36,41250.0,15809.446129160617
308897841.0,2023,-21489.8,22000.0,1641.254899999999
310171581.0,2023,-3405.69,0.0,-2367.696204340919
310375875.0,2023,-24624.690000000002,23130.0,2422.436007188775
310620484.0,2023,-12906.71,10950.0,-983.3378049078016
310740977.0,2023,-14338.36,12500.0,-128.2735640703191
311467864.0,2023,-6950.860000000001,5250.0,-493.860500000001
314980178.0,2023,-29427.46,34265.25,5565.286850000007
315078351.0,2023,-28452.429999999997,37551.0,10292.569636643486
315546581.0,2023,-12182.8,43879.0,32905.236482810986
316793091.0,2023,-25490.03,25245.0,1189.9050600549506
317161035.0,2023,-5731.820000000001,0.0,-3890.822599999996
321372947.0,2023,-21749.9,20328.0,-246.45285078909947
322221939.0,2023,-29713.77,32328.0,4313.188699187524
322720763.0,2023,-14927.33,21852.0,8179.668327825511
324046160.0,2023,-25151.53,24000.0,1039.4351167869288
324224854.0,2023,-27405.569999999996,32670.0,6155.15932728805
329840194.0,2023,-20979.519999999997,21848.0,1710.344730143148
331048953.0,2023,-13311.4,12830.0,229.6013679784936
331450202.0,2023,-25853.35,33965.25,9424.417058100662
331684336.0,2023,-23751.909999999996,21450.0,-1507.9138699513217
333054026.0,2023,-15556.710000000001,14640.0,-182.70910597680975
335698481.0,2023,-5043.6900000000005,1010.0,-2649.6904966949387
336171116.0,2023,-32067.069999999996,31830.0,274.9683999999996
336557504.0,2023,-32242.45,34099.92,1994.7807123661105
337184232.0,2023,-2379.7099999999996,0.0,-1782.6990000000003
337771621.0,2023,-4354.73,0.0,-3239.707649999997
338022396.0,2023,-25636.690000000002,24999.6,-18.093660624260917
339791565.0,2023,-5449.0199999999995,0.0,-3865.006199999996
340295966.0,2023,-19693.8,17424.0,-1380.8019500000005
340321732.0,2023,-28685.15,30214.0,2656.489250000004
340680761.0,2023,-3926.9500000000003,0.0,-3410.955599999996
344219145.0,2023,-22465.199999999997,30580.0,9858.600996107834
344522228.0,2023,-4660.72,0.0,-3073.736988208392
344843570.0,2023,-9395.570000000003,7680.0,-360.59181750933385
345514953.0,2023,-29482.76,28842.0,141.71719999999937
345582855.0,2023,-19247.35,18510.0,1090.4791528205492
346874167.0,2023,-9100.429999999998,8760.0,309.554249999999
347110339.0,2023,-8375.41,5400.0,-1692.4067925031482
348325817.0,2023,-36729.17,45837.0,10542.18698789874
348460748.0,2023,-7854.139999999999,7260.0,70.80389999999898
348525881.0,2023,-9976.86,9930.0,581.4866245949357
349107386.0,2023,-5028.879999999998,160.0,-3878.86347319456
349614277.0,2023,-22919.59,22913.0,748.3750999999993
350921975.0,2023,-22184.809999999998,22110.0,81.18972107387428
352291960.0,2023,-18827.07,21450.0,3357.4650533035738
352899149.0,2023,-17383.86,16250.0,730.3668882280012
354894456.0,2023,-19717.28,18634.0,-61.32000000000039
355602925.0,2023,-8843.910000000002,9960.0,1823.767392453807
355733816.0,2023,-23778.93,28310.0,5689.123720118672
355940285.0,2023,-39934.009999999995,48079.96000000001,8444.955978189684
357651163.0,2023,-20736.170000000002,19500.0,-715.2200000000007
358836279.0,2023,-9993.62,9440.0,405.4456928075856
358846516.0,2023,-37836.78999999999,36960.0,789.1907225272173
361201224.0,2023,-38407.78,41239.0,4513.19456841002
361955473.0,2023,-30246.62,30000.0,682.4137452440841
364357875.0,2023,-22390.68,30510.0,9665.326678125137
364396689.0,2023,-5685.840000000001,4940.0,-286.11825
365608668.0,2023,-20868.519999999997,20163.0,675.5660719666741
366477356.0,2023,-37752.0,36663.0,467.70264999999984
366550080.0,2023,-24648.010000000002,50004.0,26834.1657944632
370521542.0,2023,-23887.079999999998,52569.0,30506.78738227256
370757362.0,2023,-20126.519999999997,20100.0,1523.5160236036174
373163757.0,2023,-29672.75,40557.0,11875.28980189042
373875019.0,2023,-10094.69,28622.0,19920.593664887205
374994043.0,2023,-3299.7599999999998,0.0,-2544.7505499999997
376271050.0,2023,-32637.07,34999.2,2296.145681627471
380228542.0,2023,-23174.95,20267.5,-706.6992581844343
380911501.0,2023,-6516.79,4900.0,2.19339999999913
382862215.0,2023,-5638.03,4620.0,-172.02100000000016
383345285.0,2023,-5362.5199999999995,2880.0,-983.5379235880762
383625050.0,2023,-27517.46,31777.199999999993,3869.922966993743
383833857.0,2023,-24356.33,52569.0,29379.69573312149
384497904.0,2023,-5637.68,5160.0,744.373499999999
385685918.0,2023,-28467.90000000001,27500.0,-358.9600591584474
386277162.0,2023,-29409.469999999998,29942.0,783.5299999999994
386729293.0,2023,-27390.18,61886.0,35458.80244797836
387957305.0,2023,-4590.969999999999,0.0,-2907.903605980078
388862238.0,2023,-19011.49,20009.0,1904.5065355055185
390747457.0,2023,-23120.940000000002,22999.199999999993,683.6692999999976
391559884.0,2023,-7743.66,7150.0,136.32714999999928
391688371.0,2023,-16670.979999999996,16967.5,1147.0289551878172
392270893.0,2023,-9653.54,24000.0,14994.351402089738
392790315.0,2023,-6733.549999999999,0.0,-4920.501394372063
395284483.0,2023,-17020.510000000002,18205.0,1915.0633402113087
395654270.0,2023,-3771.3100000000004,0.0,-2231.3037028121994
398429109.0,2023,-30857.43,32113.0,1754.4070000000008
399144202.0,2023,-20589.239999999998,20163.0,2338.88132556208
399538448.0,2023,-13128.0,20100.0,8876.661997995912
401293808.0,2023,-8212.82,7800.0,95.19689999999912
402438092.0,2023,-19581.07,18425.0,513.9590999999989
403383649.0,2023,-18772.449999999997,19450.0,1708.604803153171
403765849.0,2023,-3820.04,0.0,-2688.047999999996
403902116.0,2023,-29081.309999999998,28642.0,545.6560499999993
405416860.0,2023,-21922.28,20267.5,2015.2574068809056
405945930.0,2023,-14694.369999999999,17875.0,4373.886219465059
406772240.0,2023,-2344.22,0.0,-1488.2022000000006
406862520.0,2023,-8900.189999999999,8040.0,388.9283765374103
407323346.0,2023,-3296.29,0.0,-2746.4854325553115
407574996.0,2023,-35798.28,34908.0,649.2296093809374
408057540.0,2023,-29404.27,34099.92,5938.9767982999165
409370545.0,2023,-22099.75,21540.0,856.9412755455209
409971170.0,2023,-16926.42,18766.0,3630.396047950587
412823730.0,2023,-9901.189999999999,9360.0,397.86329585048986
413557825.0,2023,-10006.21,9480.0,360.8251999999994
414454079.0,2023,-24839.18,28090.0,3773.464850000002
414805878.0,2023,-24200.260000000002,37053.0,14460.22647436352
416060965.0,2023,-25240.83,25234.0,859.2122547005804
417850087.0,2023,-18268.620000000003,34375.0,17828.890511277426
418717120.0,2023,-3835.5299999999997,0.0,-2137.520646537229
419084831.0,2023,-21237.25,20100.0,-393.6101255261033
419550103.0,2023,-11096.34,31777.199999999993,21056.46685486507
420109571.0,2023,-34959.81,33360.0,-34.11157410675446
421475159.0,2023,-6105.16,4290.0,-356.1377373255875
421881811.0,2023,-20638.09,23650.0,3598.3046994878987
422955974.0,2023,-23389.04,20267.5,150.97573499904988
423208402.0,2023,-10312.11,12760.0,3695.159450000004
424397946.0,2023,-37472.66,36960.0,702.1297836054002
424927189.0,2023,-21868.47,20100.0,75.0566327441052
425730826.0,2023,-20325.239999999998,19720.0,2856.7569093887205
425964226.0,2023,-27237.22,31740.0,5109.780764114707
426466211.0,2023,-24289.91,19441.199999999997,-3741.703249999998
426474982.0,2023,-5310.7300000000005,0.0,-4078.71475
427909748.0,2023,-19941.129999999997,19500.0,1501.8732000000164
429235692.0,2023,-7845.8099999999995,6210.0,-736.8270000000002
429556122.0,2023,-20658.47,25614.0,5578.510459904381
430910686.0,2023,-18938.260000000002,18425.0,557.7156000000004
433837402.0,2023,-11871.1,11440.0,283.4041315358117
433917275.0,2023,-29293.840000000004,36960.0,8376.325478449684
435313070.0,2023,-21678.97,24552.0,3527.0733330332205
435984758.0,2023,-21133.19,24750.0,4906.494937013028
436430134.0,2023,-2543.2499999999995,0.0,-624.2439013371817
441142605.0,2023,-11106.240000000002,12320.0,2472.4303733518577
441274121.0,2023,-25219.06,38049.0,14222.282981681912
442070890.0,2023,-31437.809999999998,31777.199999999993,1765.3824124443709
442079728.0,2023,-9990.25,7800.0,-414.2548807806862
444371478.0,2023,-6040.219999999999,5650.0,558.8055499999987
444428189.0,2023,-26472.97,26396.0,687.0942000000032
445240363.0,2023,-4457.83,1430.0,-1389.8135059632737
446720287.0,2023,-14023.05,12060.0,-1182.0875591815943
448004226.0,2023,-12873.18,14120.0,1868.59236866488
448279144.0,2023,-20462.4,19008.0,-70.04735000000107
449387287.0,2023,-13859.720000000001,12050.0,83.3866938351014
449871732.0,2023,-24059.32,31570.0,8261.684369968103
450896297.0,2023,-50099.02,64163.0,14971.655092987705
452974357.0,2023,-34642.909999999996,29213.0,-3608.9039499999935
454129843.0,2023,-36310.43000000001,36960.0,957.02639516656
454356905.0,2023,-26213.1,28500.0,3258.5011190301416
455052690.0,2023,-16111.57,15580.0,89.44373994862755
455831435.0,2023,-23359.379999999997,19891.199999999997,-1867.1571048014948
456221621.0,2023,-20489.39,20100.0,766.5945673026279
456246119.0,2023,-10589.320000000002,32319.600000000002,23691.350293067804
460463595.0,2023,-11531.330000000002,9850.0,-735.8619454185788
461029994.0,2023,-22584.239999999998,30503.0,9309.013297163545
461990622.0,2023,-30949.799999999996,38962.0,9071.230221046071
462962606.0,2023,-21087.32,19780.0,-652.3209500000014
466649401.0,2023,-28755.989999999998,28600.0,932.0335807973744
467207141.0,2023,-22434.210000000003,22100.0,763.7842670482637
469330905.0,2023,-16718.99,15240.0,-143.6535713766445
469561218.0,2023,-6219.290000000001,4290.0,-181.1399000000009
471897866.0,2023,-22370.140000000003,29664.0,8083.115346481349
472213568.0,2023,-25681.850000000002,23400.0,-301.8904942060535
472995101.0,2023,-39690.29,39999.96000000001,1568.6673340990833
473820682.0,2023,-23502.6,34386.0,12371.674809888173
474301748.0,2023,-8759.310000000001,4340.0,-2605.339005683968
474951915.0,2023,-3454.8199999999997,0.0,-2749.8260952340106
475117511.0,2023,-16619.5,22000.0,8531.985388645127
475277431.0,2023,-28309.48,29070.0,1692.5291369436188
477216513.0,2023,-20161.21,18425.0,-164.51294999999948
478412511.0,2023,-20515.620000000003,32340.0,12674.385447002143
478651121.0,2023,-25256.699999999997,23170.0,-574.6792704015304
478986718.0,2023,-23785.269999999997,22462.0,-753.8578000000016
479366718.0,2023,-32200.64,34186.0,2380.8924130004225
479456865.0,2023,-35100.25,34683.880000000005,1527.6363618641742
480198977.0,2023,-19669.629999999997,32098.0,14242.352032593251
480557476.0,2023,-29293.64,40216.0,12571.4242298861
482513594.0,2023,-24691.0,30690.0,6793.475865916463
486495235.0,2023,-30913.149999999998,28700.0,2120.933860076208
487051121.0,2023,-28415.97,29664.0,1897.4106208703945
489964679.0,2023,-40669.520000000004,63513.60000000001,23424.732174033557
490790931.0,2023,-19705.15,19500.0,325.96894999999853
490868147.0,2023,-9322.93,8160.0,-54.43622087869847
491392945.0,2023,-27605.99,33965.25,6985.347500000012
492058070.0,2023,-36000.82,33504.0,-1831.7640312595292
492215823.0,2023,-30408.84,33385.0,4811.756023815445
492850697.0,2023,-11032.81,9730.0,-21.774953334136413
493571342.0,2023,-4149.82,0.0,-2750.8233809070466
493640090.0,2023,-3791.4,0.0,-2982.8234499999976
493855007.0,2023,-3422.1899999999996,0.0,-2854.1666315743914
494156462.0,2023,-9796.159999999998,7290.0,-1466.1189364817603
494156986.0,2023,-23212.71,20267.5,-1120.2016543276654
494404688.0,2023,-5129.16,910.0,-2898.203265336208
494789005.0,2023,-18601.8,20867.04,3257.1066688728656
494977194.0,2023,-18264.059999999998,18425.0,1571.9724705975789
496395938.0,2023,-21016.76,34099.92,13711.931955590597
496674181.0,2023,-11098.99,6670.0,-2951.013172330722
496865819.0,2023,-8169.719999999999,7150.0,84.30156815731753
497772347.0,2023,-15991.77,14810.0,114.2417499999978
497809732.0,2023,-27659.489999999998,28610.0,2520.5278695525963
499244466.0,2023,-21714.33,19441.199999999997,-453.1447812834225
499410772.0,2023,-23719.75,20544.0,-2861.789362905162
500043411.0,2023,-24999.47,38856.0,15205.15047946702
500051919.0,2023,-7104.55,7140.0,499.51099665059
500843551.0,2023,-31508.450000000004,31700.0,1077.5600999999997
503575533.0,2023,-30936.44,41480.0,9228.598110679244
504055745.0,2023,-21543.350000000002,20544.0,361.7007613417668
506618547.0,2023,-38937.8,57222.0,17874.14514021811
508518911.0,2023,-10372.720000000001,10120.0,472.7447502790102
509627909.0,2023,-20771.169999999995,20100.0,105.80464999999911
510101371.0,2023,-18038.14,30580.0,14109.73176627904
511179916.0,2023,-19245.39,25047.0,7158.755910645969
512989907.0,2023,-4547.469999999999,1380.0,-2142.491903975365
514362267.0,2023,-25440.86,25320.0,646.9948191070605
516051449.0,2023,-21746.73,21880.0,1719.3441491108483
517190750.0,2023,-29650.839999999997,31777.199999999993,3069.3485899154125
517934629.0,2023,-5796.81,4630.0,323.18767870842635
518378868.0,2023,-3956.43,1570.0,-1568.4449000000004
518466565.0,2023,-16784.810000000005,17956.0,1943.2214999999992
518474507.0,2023,-25490.55,41419.0,16214.572595331329
518746136.0,2023,-9352.21,7130.0,-809.6572282369169
519644021.0,2023,-21727.6,24999.6,3943.7010716011023
519649533.0,2023,-20553.25,18425.0,-280.27818362933795
519933553.0,2023,-20069.61,18510.0,257.4710041507283
519935524.0,2023,-20136.870000000003,20100.0,1273.933809737519
520239952.0,2023,-38161.87,35425.0,-1231.871176654763
520418719.0,2023,-31025.22,32277.0,2675.775300000004
520447032.0,2023,-23939.28,32328.0,8751.732904471393
521611005.0,2023,-20324.649999999998,18510.0,-259.6532858510465
522188082.0,2023,-25499.03,33360.0,8471.141436684238
524425303.0,2023,-20322.36,18425.0,-653.7488000000012
525524239.0,2023,-4143.32,2690.0,-11.317649788806447
527842638.0,2023,-17535.800000000003,18425.0,1480.6900426329837
531186970.0,2023,-19082.84,20780.0,3693.1588078659806
532478725.0,2023,-18607.17,21900.0,5101.726092940425
532525712.0,2023,-5244.030000000001,2470.0,-937.0193000000004
534097839.0,2023,-10914.310000000001,5180.0,-5211.228549999995
534204159.0,2023,-17805.670000000002,23870.0,6841.784305185661
534325901.0,2023,-22308.56,28600.0,7360.282727889288
534583529.0,2023,-18482.21,18425.0,1735.0475880547651
534908754.0,2023,-22296.910000000003,20472.0,-1095.8583000000003
535273662.0,2023,-1156.06,0.0,-39.05260000000051
535744551.0,2023,-21507.130000000005,21000.0,1025.1838159956258
535804582.0,2023,-35301.26,35230.0,609.7300999999986
536924114.0,2023,-23026.699999999997,20267.5,-852.1947055930962
537487133.0,2023,-8264.310000000001,7080.0,127.71834999999945
538003940.0,2023,-16034.580000000002,15570.0,1441.42000000001
540159353.0,2023,-26593.27,37498.68,12508.503598157957
541639148.0,2023,-15432.599999999999,17556.0,4887.402347029749
544961962.0,2023,-23254.219999999998,19430.0,-206.2256769943906
546296727.0,2023,-11626.45,10670.0,117.56772730261837
546760202.0,2023,-2943.7299999999996,0.0,-2040.733027675968
547010927.0,2023,-22249.219999999998,48125.0,27482.554541104186
548549094.0,2023,-2451.0599999999995,0.0,-620.0336299265088
548638376.0,2023,-1575.96,0.0,-406.9648132445335
548907062.0,2023,-15857.43,14570.0,535.5869711746526
549414742.0,2023,-25130.33,32328.0,8199.66452616559
550169791.0,2023,-28034.9,52569.0,25378.844191065156
550644516.0,2023,-21309.7,17821.1,-306.5211000000015
550832673.0,2023,-26303.18,28611.0,4078.9460163955114
551196328.0,2023,-15356.880000000001,20075.0,5438.005465435383
551755686.0,2023,-10950.56,18695.0,8215.998926654152
552980092.0,2023,-7962.07,7370.0,11.033719119337524
553734946.0,2023,-21802.809999999998,21450.0,401.2085999999981
554771381.0,2023,-2371.39,0.0,-1791.3961500000005
554792076.0,2023,-16874.81,48125.0,32282.350329777262
555393405.0,2023,-22738.83,21373.0,-681.8134000000003
555804115.0,2023,-19061.589999999997,16967.5,-1228.911047558703
556631012.0,2023,-11353.980000000001,10420.0,386.016373085678
556992209.0,2023,-25303.730000000003,33330.0,12277.315238008125
558119802.0,2023,-27117.38,64163.0,37767.28015560242
558875206.0,2023,-28950.75,34875.0,4061.7375393997822
559995067.0,2023,-31800.260000000002,33965.25,3780.022699942541
564214408.0,2023,-20783.629999999997,20100.0,-65.61451527427398
564744955.0,2023,-19224.72,18425.0,612.260958588842
565175333.0,2023,-25966.539999999997,20448.0,-4307.536022729825
567499591.0,2023,-20972.39,18510.0,-1557.3899000000004
569687509.0,2023,-3416.95,0.0,-2409.3928999999985
570269025.0,2023,-20240.27,24000.0,4065.818696413823
570323670.0,2023,-12227.59,15730.0,4127.437256450264
570410059.0,2023,-19178.14,20100.0,2435.852146776312
570575024.0,2023,-20018.960000000003,18535.0,-1071.0757000000008
572136270.0,2023,-20725.76,19128.120000000003,-450.64858841197656
572333122.0,2023,-4930.18,0.0,-4082.377549999995
572384506.0,2023,-27911.71,35193.0,9019.63918019796
574548998.0,2023,-28639.18,27500.0,-0.0417000000010716
575652395.0,2023,-19952.440000000002,21100.0,1981.601572079696
576188756.0,2023,-10697.490000000002,3980.0,-4890.531499999998
578131296.0,2023,-9942.24,9470.0,734.7631694440436
581618317.0,2023,-24322.21,16967.5,-5227.721701873204
581655972.0,2023,-25578.960000000003,69996.0,45935.20686133913
583558311.0,2023,-11804.58,10210.0,-428.48121524866775
583579399.0,2023,-17889.83,18425.0,1300.1361000000006
585133606.0,2023,-36534.54999999999,41250.0,6121.504711631687
585596026.0,2023,-34310.13,35990.0,2903.861118569257
585625048.0,2023,-19273.77,20100.0,2706.471883013491
586041848.0,2023,-14751.780000000002,16330.0,2699.7427000000007
586315521.0,2023,-22294.95,35640.0,14065.09229353735
587202562.0,2023,-34704.229999999996,33550.0,352.8964994170684
587225252.0,2023,-24333.88,30800.0,7057.672105903525
588565416.0,2023,-24281.010000000002,29634.0,7278.932079939112
592961759.0,2023,-23587.86,21227.5,-1741.3848000000005
593191200.0,2023,-14567.88,14930.0,959.812299999999
593378953.0,2023,-37349.91,37336.630000000005,1469.7296500000048
595800644.0,2023,-5836.15,4290.0,-1012.1570000000004
596171893.0,2023,-12234.52,11590.0,130.51559482551065
596328017.0,2023,-21406.61,17855.0,-2436.6478499999976
596463612.0,2023,-17064.56,14140.0,-2065.547604725138
598586358.0,2023,-4391.13,0.0,-3764.1074499999945
598793068.0,2023,-18424.260000000002,18425.0,942.4063999999978
600185455.0,2023,-1293.6100000000004,0.0,39.39000224748148
600585971.0,2023,-6536.09,5160.0,276.9091499999995
601627384.0,2023,-14429.61,17556.0,3902.2943156550623
603375739.0,2023,-19272.94,20100.0,2167.183063023268
603721739.0,2023,-22164.41,22110.0,1084.7978994831838
604288474.0,2023,-24784.49,24999.6,2034.6452287000252
604334058.0,2023,-19067.15,18205.0,736.8443999999993
604870380.0,2023,-3725.5800000000004,0.0,-1979.5890529005533
605116158.0,2023,-16877.17,19441.199999999997,3108.0777000000053
605711527.0,2023,-10893.130000000001,9550.0,-75.14748616741632
607629901.0,2023,-22608.010000000006,17875.0,-4687.038319908143
609939116.0,2023,-21731.86,29932.0,9241.717366495272
610450243.0,2023,-20085.81,18425.0,-309.6545999999998
610645022.0,2023,-21298.23,19728.0,-254.2592626449184
611143859.0,2023,-33567.1,36576.0,3613.1274000000135
612304466.0,2023,-3643.58,0.0,-2382.5982499999977
613427466.0,2023,-12051.550000000001,18425.0,7765.943455264379
613729471.0,2023,-27734.54,36663.0,9681.358016449063
615144184.0,2023,-9593.66,9170.0,645.3938991255188
616924659.0,2023,-35057.600000000006,33360.0,2050.384579823085
618138606.0,2023,-30376.43,30470.0,1457.323303264288
618514666.0,2023,-17936.129999999997,41250.0,23818.069472716485
620227043.0,2023,-4023.0599999999995,0.0,-2132.017771013424
621181115.0,2023,-8769.29,6930.0,-1110.320249570771
621652856.0,2023,-20190.0,20100.0,1084.9859696105402
623156843.0,2023,-26235.93,32098.0,5662.060876498848
624500124.0,2023,-19701.199999999997,21900.0,3576.2903506052976
624563756.0,2023,-21010.010000000002,20031.0,1.974128783556484
625281433.0,2023,-24078.05,21828.0,-778.3299073707569
625658193.0,2023,-11891.92,9320.0,-724.9016402437832
626989363.0,2023,-31480.720000000005,31777.199999999993,1410.771763317375
627622066.0,2023,-34946.439999999995,36960.0,3988.562372169631
627723633.0,2023,-8363.18,4750.0,-1802.208828003762
627917561.0,2023,-26532.43,30078.0,4659.515050000006
627936697.0,2023,-26042.409999999996,24904.0,354.59585000000004
628470485.0,2023,-20814.61,20100.0,897.4246353461492
629078930.0,2023,-21492.700000000004,20163.0,367.4067632670716
630468201.0,2023,-20748.96000000001,19152.0,-512.1185338897017
630691258.0,2023,-22982.21,22110.0,19.36654487484134
631111289.0,2023,-20012.38,18425.0,-476.34900000000096
631744379.0,2023,-3709.269999999999,0.0,-2384.2712594910654
632065391.0,2023,-7705.32,4740.0,-1098.3086499999995
633345190.0,2023,-31974.969999999998,36960.0,6100.361233244409
635679314.0,2023,-3971.11,0.0,-3266.0933291195174
637433131.0,2023,-20644.539999999997,20472.0,156.30079999999896
637649383.0,2023,-20742.489999999998,19920.0,924.5280999999984
639409800.0,2023,-21921.510000000002,61886.0,40441.72586687837
639420537.0,2023,-21233.21,19285.0,-1312.2139499999998
639549973.0,2023,-42497.6,48805.0,6631.644613704224
641376155.0,2023,-9816.12,7800.0,-27.077547898548865
641764023.0,2023,-20628.850000000002,18425.0,-952.8163037720044
642015139.0,2023,-10384.36,7720.0,-1528.3536625343618
642924505.0,2023,-20741.120000000003,20100.0,248.87512018352595
643610517.0,2023,-4635.509999999999,0.0,-3204.741190729656
644751433.0,2023,-26275.78,24000.0,-1538.7781584655386
647472692.0,2023,-24837.38,52569.0,29116.327104846143
647936800.0,2023,-42743.53,42939.92,1872.439854554387
648644594.0,2023,-22471.79,20210.0,676.2270999999989
651372390.0,2023,-21768.55,16967.5,-3837.0407499999983
651756497.0,2023,-31393.34,48125.0,18312.73671909955
652048867.0,2023,-18684.440000000002,18425.0,878.5518499999989
653640811.0,2023,-15044.11,34099.92,19565.867180827685
653667523.0,2023,-20807.129999999997,23470.0,5253.9197238903325
654329190.0,2023,-35487.479999999996,33596.0,-333.8449490514807
655368335.0,2023,-16593.98,19500.0,4542.236533799308
655450953.0,2023,-5054.950000000001,0.0,-3072.9548784555286
655730067.0,2023,-4932.58,4290.0,-36.41185000000047
656317661.0,2023,-19085.129999999997,16995.0,-113.14465845859732
656389634.0,2023,-5225.959999999999,3440.0,-461.39184042198553
656781737.0,2023,-12090.890000000001,5500.0,-5595.909999999994
656812046.0,2023,-27422.89,25300.0,2118.092753732519
657139925.0,2023,-23840.949999999997,38335.0,15503.97029988269
657528784.0,2023,-10343.04,8970.0,75.9969000000007
659008214.0,2023,-5489.27,0.0,-3639.270102290422
659415300.0,2023,-40546.54,41250.0,2623.007146218075
660561861.0,2023,-20891.81,20390.0,1056.415649332573
660789920.0,2023,-3970.6899999999996,0.0,-2574.913347382372
660874296.0,2023,-37516.81,36960.0,232.17744996084983
661295096.0,2023,-17327.21,20100.0,3797.348214784424
662610817.0,2023,-8348.93,6240.0,-1359.001831324928
663479159.0,2023,-22623.129999999997,26600.0,5388.961541827712
666952234.0,2023,-8205.7,6850.0,-113.42770187551324
667367404.0,2023,-25425.46,34386.0,9973.533900824652
668175891.0,2023,-14808.12,15550.0,1133.944366073262
668329719.0,2023,-21971.739999999998,30580.0,10057.802670998077
668692488.0,2023,-27725.62,27500.0,985.333041057584
669503912.0,2023,-4485.62,2530.0,-130.59944965118277
670102069.0,2023,-18501.79,19445.0,1712.8968685848797
670427480.0,2023,-43902.060000000005,44227.0,1131.8097000000012
671824917.0,2023,-2071.9,30.0,-1168.8732000000005
672913754.0,2023,-18491.9,31090.0,13489.085723842123
672994751.0,2023,-19560.73,18425.0,386.2562907860099
673025413.0,2023,-37243.34,37290.0,861.4753565414796
673818591.0,2023,-23665.32,24000.0,1763.6821753758404
675231808.0,2023,-18514.57,35618.0,19020.448371069517
675398089.0,2023,-16401.4,14925.599999999997,228.20070922534887
675806859.0,2023,-22910.22,30580.0,8748.429391554819
678330503.0,2023,-24953.67,26268.0,2508.672070991702
678726554.0,2023,-11712.399999999998,10580.0,-16.021247651610288
678851253.0,2023,-21133.45,25223.0,4465.386209778264
679662108.0,2023,-35765.19,53329.0,18258.796875455053
679911053.0,2023,-17453.4,20472.0,3529.6543862333683
679943657.0,2023,-28950.39,32098.0,4360.938889180138
680773155.0,2023,-21129.85,20472.0,442.1590833310911
681955876.0,2023,-17459.43,14740.0,-1225.4881000000005
682194230.0,2023,-3996.5199999999995,0.0,-2517.480849999998
683078800.0,2023,-33267.17,31260.0,2404.945389942463
683319988.0,2023,-17750.36,25234.0,8045.751369550388
684284526.0,2023,-4464.91,0.0,-3570.896366745755
684988568.0,2023,-22188.47,20100.0,-237.4432734272016
685959099.0,2023,-18924.190000000002,19106.120000000003,3418.822866099244
687135796.0,2023,-21840.6,52569.0,32589.33939152369
688328251.0,2023,-22651.469999999998,18832.0,-2160.476375354828
688712152.0,2023,-22218.300000000003,28500.0,7288.218690701315
690523499.0,2023,-34055.72,32717.0,290.40295
690941877.0,2023,-1643.95,0.0,-206.94503848250812
690958123.0,2023,-15472.6,38049.0,23656.13544787065
691012931.0,2023,-21541.520000000004,19008.0,-1604.532250000001
691789577.0,2023,-26325.41,25512.0,-1092.4430500000003
691843653.0,2023,-3865.7,0.0,-3342.713399999992
695607232.0,2023,-9773.8,7800.0,-13.753505389440004
696333897.0,2023,-20707.64,20267.5,496.8903999999986
696758548.0,2023,-4528.199999999999,0.0,-3734.6303963201367
697140785.0,2023,-6310.289999999999,4620.0,-3.2713832638968405
698076160.0,2023,-14418.349999999999,20100.0,7592.678837201855
698955014.0,2023,-36550.939999999995,37053.0,1132.0503404481908
699139822.0,2023,-19318.96,19152.0,612.6440757769471
699313649.0,2023,-3961.9299999999994,330.0,-2489.9458991419046
699997811.0,2023,-39495.33,39182.0,671.6787000000032
700138124.0,2023,-26799.36,32098.0,5333.847158248867
701070224.0,2023,-12650.44,9340.0,-1713.4191
703478110.0,2023,-29764.13,32617.0,3595.3477499085843
703537476.0,2023,-15968.529999999999,16180.0,1397.4862499999992
703588001.0,2023,-32960.63,32658.0,351.40129999999965
704517789.0,2023,-14264.98,33360.0,19662.529603784704
705848712.0,2023,-33767.76,63513.60000000001,30819.7271482825
706250160.0,2023,-25453.64,38962.0,14762.79313078748
706301742.0,2023,-4047.04,40.0,-3425.763149999995
706361191.0,2023,-12188.97,11920.0,227.0320484940779
709142813.0,2023,-5636.95,4920.0,994.0597999999992
709151315.0,2023,-12670.560000000001,11720.0,-0.59078162584008
709608057.0,2023,-22889.88,24000.0,3086.121024181713
709632525.0,2023,-27306.58,24750.0,-1438.6373500000009
709935470.0,2023,-8342.92,7370.0,668.0807376997723
711045550.0,2023,-32069.050000000003,32121.199999999997,1012.9013500000044
711140907.0,2023,-4745.320000000001,4920.0,965.6942999999992
712474734.0,2023,-3707.4000000000005,0.0,-1984.391831236004
713057426.0,2023,-13725.779999999999,11020.0,-1053.7992500000005
713641917.0,2023,-14863.05,15444.0,1590.9588459567872
713910252.0,2023,-40376.119999999995,38310.0,-712.5793742714591
715068825.0,2023,-9385.5,7430.0,-657.5155000000002
718058208.0,2023,-18998.250000000004,18640.0,1520.49857041276
719586818.0,2023,-36645.270000000004,57222.0,21807.740705406693
719742742.0,2023,-9498.509999999998,7800.0,3.0899922220368765
720221651.0,2023,-3744.4799999999996,0.0,-2696.468866598434
720742759.0,2023,-19389.309999999998,20328.0,1193.2470808830071
721393911.0,2023,-2559.74,450.0,-671.7365425357167
722358036.0,2023,-25501.190000000002,24820.0,78.00829062708277
722971557.0,2023,-22548.910000000003,20100.0,-509.9042791569245
724537117.0,2023,-23758.05,21828.0,-1434.0542500000004
724997545.0,2023,-2184.54,0.0,-301.56095800221834
726913482.0,2023,-11747.98,9430.0,-692.9985485264766
727417797.0,2023,-11389.36,13882.5,5963.403626772112
730002588.0,2023,-28574.890000000003,43527.0,15964.79932114482
734161378.0,2023,-24176.6,20390.0,-2943.625169434211
736310094.0,2023,-16988.14,15444.0,-808.1789240274259
736340277.0,2023,-21345.300000000003,29664.0,9131.894176335629
737537711.0,2023,-9954.85,8280.0,-71.02446639846431
737547541.0,2023,-22424.91,19275.0,153.91559956777434
737645298.0,2023,-4412.249999999999,0.0,-3058.2391999999973
738958551.0,2023,-15818.600000000002,25003.0,10045.023576870202
741269136.0,2023,-38250.77,38790.0,2064.265950000003
741903302.0,2023,-30572.050000000003,32098.0,3243.5596174915186
742223719.0,2023,-19365.79,19008.0,736.2438573048025
743630833.0,2023,-24524.89,22900.0,-472.3613867152988
744211756.0,2023,-5505.540000000001,0.0,-4683.550749999991
744398361.0,2023,-17296.28,16080.0,317.70299999999963
744968736.0,2023,-22092.159999999996,19008.0,-1514.146826569424
749371623.0,2023,-4151.099999999999,0.0,-2758.084153517342
749378808.0,2023,-21479.86,22800.0,2661.386239193468
750094757.0,2023,-21415.480000000003,18480.0,-1415.4893000000006
750898750.0,2023,-2407.1600000000003,0.0,-628.1594653199005
752362502.0,2023,-40506.27,48125.0,8315.877873675552
753525749.0,2023,-4025.3,0.0,-2570.268399999999
754141345.0,2023,-28926.72,23626.0,-3252.76283511576
757115616.0,2023,-18146.5,18645.0,2311.5000000000045
758160963.0,2023,-23916.31,30690.0,7589.681724777471
758885184.0,2023,-28002.75,27600.0,912.2550822743448
760704118.0,2023,-24344.32,24999.6,1565.5983127174895
760753808.0,2023,-22463.46,20900.0,-634.4545000000005
761272540.0,2023,-9477.529999999999,8140.0,197.0752999999987
762700245.0,2023,-19532.120000000003,20100.0,1482.8717000000024
762785862.0,2023,-12447.899999999998,12870.0,1120.0962999999992
762859681.0,2023,-8926.369999999999,8800.0,1079.650599999999
762896656.0,2023,-15128.240000000002,13720.0,-597.5775018481414
764450279.0,2023,-11060.25,34386.0,24366.77211635454
766692943.0,2023,-21685.02,18425.0,-2139.04425
766812921.0,2023,-19662.68,18425.0,20.346949999998916
766941757.0,2023,-30494.32,33185.0,3973.701397234488
767447966.0,2023,-14987.77,20100.0,5739.274922706574
768271776.0,2023,-25676.82,23400.0,-606.7990967665797
769311479.0,2023,-23892.369999999995,30633.0,7455.482490566695
769319491.0,2023,-19192.28,17270.0,-1125.3330000000008
771125520.0,2023,-9413.53,7490.0,-214.51820000000092
773633520.0,2023,-8241.46,6300.0,1.5975609385114211
775790822.0,2023,-4804.43,0.0,-3493.433419216067
776108637.0,2023,-19519.4,18634.0,1078.6502536574956
776431321.0,2023,-22034.52,24000.0,3652.536972173123
779236304.0,2023,-19280.67,20435.0,2281.037595479535
779376323.0,2023,-16457.980000000003,20597.5,5007.615833981341
779620857.0,2023,-19878.11,18425.0,-536.453346385176
779816907.0,2023,-3792.1000000000004,0.0,-3217.106082922909
779946617.0,2023,-30589.9,48125.0,19192.27711718675
780463728.0,2023,-40841.509999999995,45219.0,5216.08087094224
780859359.0,2023,-2553.729999999999,0.0,-992.7300000000002
781554833.0,2023,-22153.6,22130.0,1339.4102255639664
782013626.0,2023,-28673.220000000005,30000.0,2323.831199311629
782058249.0,2023,-2125.469999999999,0.0,-1399.4713733101617
783650950.0,2023,-10386.41,7800.0,-642.3786434110118
785210466.0,2023,-21083.309999999998,21900.0,2683.7477969465604
785749304.0,2023,-22481.32,31570.0,9896.60747489076
786141370.0,2023,-24683.84,23316.0,-244.8375000000009
786879739.0,2023,-4448.689999999999,0.0,-2608.030794120556
786927378.0,2023,-3022.2000000000007,0.0,-1840.2002796373165
788740658.0,2023,-17461.510000000002,18425.0,1940.4714690169988
792845450.0,2023,-18166.960000000003,18590.0,928.7061500000008
793781222.0,2023,-20294.02,21900.0,2064.9808789474077
795847804.0,2023,-12623.62,38962.0,27082.220777909923
796709231.0,2023,-21789.57,20009.0,-103.5902221037026
797184978.0,2023,-7709.110000000001,7370.0,68.19008657301941
799286313.0,2023,-17693.96,16170.0,-848.0355628758616
799453072.0,2023,-20497.95,18485.0,-589.9590500000013
799861885.0,2023,-10654.32,9790.0,1035.6747999999986
801500539.0,2023,-5159.7300000000005,530.0,-3816.7361999999976
802697323.0,2023,-21734.260000000002,38962.0,18646.675834216698
804317849.0,2023,-5757.609999999999,0.0,-4195.591633020517
806358207.0,2023,-21252.77,33600.0,13254.02805840264
807098817.0,2023,-9607.220000000001,8890.0,473.792449999999
807714284.0,2023,-16973.79,16967.5,1410.4501607359996
809499628.0,2023,-22916.5,41250.0,20187.31146817905
812012103.0,2023,-11021.81,8900.0,-459.5843000000005
812692024.0,2023,-19524.15,22110.0,4518.413712951307
812839908.0,2023,-19957.270000000004,16967.5,-1764.7498500000002
815385232.0,2023,-21318.79,32989.0,12247.781581410987
815993333.0,2023,-14866.960000000001,20750.0,6252.604066515882
816685391.0,2023,-22055.93,18425.0,-731.9309037084265
817294757.0,2023,-24444.399999999998,20587.5,-2419.8383
818552503.0,2023,-21035.82,20267.5,1092.4747999999988
819515373.0,2023,-22976.670000000002,24252.0,3049.3261876645106
820686957.0,2023,-22253.490000000005,20100.0,-1132.487566311196
821971408.0,2023,-19940.12,20100.0,1238.9091102355433
822135975.0,2023,-25120.65,37053.0,13165.481359123029
822250278.0,2023,-25676.92,32328.0,7757.276848955016
822718326.0,2023,-24944.63,29997.0,13077.887295024491
823208989.0,2023,-15736.289999999999,13970.0,65.8517038695318
824218857.0,2023,-5761.999999999999,0.0,-4005.648660845428
824916823.0,2023,-24154.489999999998,32087.0,9709.172158853497
826597014.0,2023,-6385.99,2140.0,-2667.9169406029264
828532554.0,2023,-20266.11,19500.0,-129.11969048271033
828750680.0,2023,-16195.160000000002,16450.0,1511.83214521368
829914501.0,2023,-20102.629999999997,21762.0,2267.828806570975
832564361.0,2023,-25915.100000000002,42504.0,17784.25014103694
833499132.0,2023,-29938.0,30908.0,1535.0086000000024
833899961.0,2023,-33032.46,33360.0,855.1149957180096
834383043.0,2023,-20088.25,24252.0,6081.761415159748
834581602.0,2023,-22758.329999999994,22462.0,-214.56520000000089
835736339.0,2023,-32927.43000000001,34373.79,3147.3795783833075
835829467.0,2023,-9890.98,7520.0,-1479.994749999998
836110591.0,2023,-23629.26,27504.0,4340.178623559948
836655156.0,2023,-5278.31,0.0,-3328.651455219154
837876918.0,2023,-3517.59,2420.0,-108.19279146542011
838415080.0,2023,-16370.49,12050.0,-3622.488999999999
838830098.0,2023,-13858.510000000002,14157.0,991.5154920877844
842682241.0,2023,-27417.82,31610.0,4551.820732562672
843174694.0,2023,-25103.959999999995,18286.0,-5790.983499999998
843537309.0,2023,-18606.3,16967.5,-514.795767791632
844206657.0,2023,-22393.85,22250.0,1122.1557551465696
844835978.0,2023,-21020.07,31777.199999999993,11805.57763156293
845648250.0,2023,-7336.75,7000.0,258.28094999999934
846550094.0,2023,-25146.969999999998,25212.0,1507.0772671741452
848118081.0,2023,-4393.89,0.0,-2614.892798002095
849096144.0,2023,-19101.340000000004,19500.0,2206.6420207513447
850290152.0,2023,-4963.38,0.0,-3268.375999999995
851181128.0,2023,-27948.45,30470.0,6002.123241098415
851649498.0,2023,-26968.71,35988.0,9932.111384036396
853907490.0,2023,-30749.71,38335.0,9282.560729468987
854513972.0,2023,-32080.31,35135.0,2757.7377000000006
854895960.0,2023,-25586.2,28622.0,4521.580161043493
855129444.0,2023,-20947.75,19441.199999999997,-36.58769543737221
856147482.0,2023,-10015.210000000001,8250.0,-450.4567985986247
856461967.0,2023,-9309.62,7440.0,1.4173535294926296
856957948.0,2023,-10436.69,22231.0,12512.321154533907
857455726.0,2023,-15427.56,14400.0,-84.52251412431582
857754342.0,2023,-36404.91,37053.0,1069.0850380227198
857997794.0,2023,-13101.429999999998,13320.0,1277.6106651508865
858560423.0,2023,-21700.09,34440.0,14057.877253018789
858989281.0,2023,-34872.71,63513.60000000001,30313.88511912171
859264768.0,2023,-18553.55,16995.0,167.4854337819383
859603181.0,2023,-25925.43,29664.0,3977.600802131094
860360312.0,2023,-22995.769999999997,22110.0,34.240208882680264
865748375.0,2023,-32892.670000000006,33276.0,2185.3155600401788
866941383.0,2023,-33731.91,36666.630000000005,3130.7584803036743
867679563.0,2023,-21405.14,19500.0,61.848353701715865
867987292.0,2023,-15321.23,17424.0,2672.828312441252
868014990.0,2023,-4539.129999999999,280.0,-3731.416099999995
868033067.0,2023,-3675.119999999999,0.0,-2591.09078645108
868377987.0,2023,-33956.600000000006,36960.0,3805.4556567228888
871200314.0,2023,-8027.829999999998,7420.0,441.17512424263833
871866387.0,2023,-19484.11,15408.0,904.7931999999988
872286364.0,2023,-21910.0,20544.0,-310.96949581309985
872874909.0,2023,-3692.7599999999984,0.0,-2139.741897899587
873693307.0,2023,-32593.940000000002,43527.0,12345.07339664765
873701090.0,2023,-17955.18,18528.0,692.1776680163313
874431242.0,2023,-30715.53,41379.0,11343.4486703541
874506295.0,2023,-6951.469999999999,4660.0,-1359.5917562455722
876890798.0,2023,-28588.63,30580.0,2686.899570699935
878989510.0,2023,-25267.22,29664.0,5712.843467815366
879091637.0,2023,-13554.61,12890.0,-29.21847626202291
880546403.0,2023,-34113.81999999999,32082.599999999995,-1435.2295000000022
885259672.0,2023,-19369.910000000003,22110.0,3565.08591292673
886837068.0,2023,-20748.9,20163.0,835.0955999999992
886921642.0,2023,-22696.15,24552.0,3579.9125023806964
887156614.0,2023,-26849.239999999998,25424.0,-400.8197710407738
887853850.0,2023,-23591.77,34099.92,11564.052167847534
889916166.0,2023,-21023.44,19500.0,459.55340141322654
890196840.0,2023,-5261.969999999999,0.0,-3296.9813166751287
890567652.0,2023,-8274.060000000001,5110.0,-1385.7138003203995
890830949.0,2023,-15099.91,14470.0,578.0885999999974
891513205.0,2023,-4990.67,4680.0,708.3311796590689
891716230.0,2023,-41227.92999999999,40626.0,-43.94967018989858
892354433.0,2023,-26759.25,24552.0,-408.1299606343386
893134725.0,2023,-27495.530000000002,25300.0,1619.4841007761188
895331556.0,2023,-20562.95,16750.0,-298.9316000000009
895750759.0,2023,-11568.390000000003,10660.0,-225.7625880756659
896821055.0,2023,-20756.32,18832.0,-481.2894407329176
897592348.0,2023,-10626.960000000001,27600.0,17778.11141771174
897714622.0,2023,-31613.73,41239.0,10540.89143803414
898104045.0,2023,-22214.46,19521.199999999997,-1505.2980500000024
899692478.0,2023,-23689.47,20100.0,-2138.470843524008
899742927.0,2023,-19672.34,34110.0,14792.76173267226
899983008.0,2023,-4078.8999999999996,0.0,-3483.901149999995
901037631.0,2023,-21269.53,20009.0,398.5113230964064
901432314.0,2023,-19343.71,22110.0,3716.9431607333145
902798190.0,2023,-9041.220000000001,7150.0,-194.1886344310265
903468956.0,2023,-18756.190000000002,18513.0,924.348999999999
903663593.0,2023,-24777.58,24999.6,621.7051992000772
903953091.0,2023,-16294.710000000001,18766.0,4073.388790134576
904154012.0,2023,-9833.160000000002,8240.0,300.8474581204314
905860285.0,2023,-39438.58,52500.0,14513.199385097956
907987693.0,2023,-4023.6700000000005,0.0,-2748.686999999997
909669130.0,2023,-12693.02,12070.0,569.9798847367667
909676212.0,2023,-23952.739999999998,22800.0,507.81690190021015
910730524.0,2023,-12579.279999999999,20100.0,8781.085130228474
912584712.0,2023,-17063.43,16967.5,876.100619544733
912705941.0,2023,-9094.05,29664.0,21125.5936208431
913127700.0,2023,-20503.909999999996,21373.0,2637.963138011117
913801979.0,2023,-25022.78,23766.0,204.23932991449368
914806976.0,2023,-18288.71,16967.5,58.79325018548643
915666111.0,2023,-25613.739999999998,19441.199999999997,-4855.549574772038
916225911.0,2023,-3758.08,0.0,-2543.069249999999
916270283.0,2023,-11821.0,14450.0,3147.0302500000016
918160369.0,2023,-1734.21,0.0,-1067.2136500000004
918772878.0,2023,-7557.34,4620.0,-1637.4620172453203
919185264.0,2023,-22998.379999999997,27500.0,5398.249728102833
920031185.0,2023,-7237.789999999999,5870.0,-339.80637051629225
920830317.0,2023,-39998.21000000001,38016.0,-351.2029793625187
923322792.0,2023,-12975.95,11520.0,-523.6943317536377
924045955.0,2023,-24833.18,24722.0,761.0269426586649
925037906.0,2023,-23699.62,24076.0,2332.352800000002
925659248.0,2023,-21595.330000000005,19200.0,-564.3420892295711
929044080.0,2023,-10306.83,9220.0,787.1638915056282
930271460.0,2023,-28554.02,27600.0,356.9277475357762
930277104.0,2023,-43715.64,52569.0,10290.79165254055
932820758.0,2023,-4211.03,0.0,-2805.726566775553
933491926.0,2023,-18153.81,22231.0,4080.180218368096
933745726.0,2023,-8545.189999999999,6320.0,-286.0589435706768
936813994.0,2023,-11485.73,10270.0,640.293360832788
936917570.0,2023,-3835.6999999999994,0.0,-3232.704999999995
938992364.0,2023,-9658.31,8040.0,365.70012373139946
939972497.0,2023,-26798.760000000002,26838.0,748.3309086000104
940569402.0,2023,-33177.990000000005,37500.0,5476.6096663072085
941285623.0,2023,-18809.870000000003,17750.0,761.9553990667703
943329213.0,2023,-8655.67,8400.0,1288.3416193497576
943829984.0,2023,-21086.29,20100.0,-51.61929088654317
945054126.0,2023,-18741.739999999998,18425.0,442.9781
948069469.0,2023,-20245.35,18766.0,-698.3261000000011
948558249.0,2023,-13417.779999999999,22110.0,9728.913461815642
949032480.0,2023,-23800.600000000002,27504.0,4252.421909474946
950234174.0,2023,-31844.550000000003,31140.0,-104.32918076284038
951817450.0,2023,-24135.890000000003,32496.0,10220.933335485312
952921898.0,2023,-1380.8500000000001,0.0,-439.8445777080188
954263768.0,2023,-18676.019999999997,15450.0,-144.96270000000035
955035930.0,2023,-29786.33,31261.0,2564.6684791714783
956717493.0,2023,-26641.0,27500.0,1822.3396622581224
957821152.0,2023,-25131.61,21900.0,-1331.6504535715496
960208650.0,2023,-20741.09,36160.0,16810.1946966421
961077907.0,2023,-8949.89,6990.0,-65.86520000000007
962295212.0,2023,-13311.429999999998,8760.0,-2401.460149999996
964702094.0,2023,-17714.32,17957.5,1062.1310121713564
964913066.0,2023,-3259.8200000000006,0.0,-2520.8446999999965
965038148.0,2023,-9706.92,7670.0,-294.70683436767223
967989787.0,2023,-6024.46,5120.0,174.53808264072725
969697937.0,2023,-6090.16,0.0,-5300.18276567055
969804197.0,2023,-3486.7699999999995,1960.0,-641.7987500000008
970298834.0,2023,-14411.25,15350.0,2888.816150913943
971010829.0,2023,-24884.940000000002,24996.0,708.115056444245
971129830.0,2023,-10164.83,6680.0,-1790.0506499999992
973086490.0,2023,-27156.36,38016.0,11624.646580501383
973388795.0,2023,-13418.880000000001,12210.0,530.1456761636216
975200042.0,2023,-5210.73,0.0,-3293.742699999996
975345315.0,2023,-24336.15,64163.0,40907.9105777799
977899503.0,2023,-20553.800000000003,19308.0,-5.761106419147346
978410962.0,2023,-4996.2300000000005,0.0,-3021.230839548971
978951113.0,2023,-9735.41,7680.0,-726.4094925904193
979122276.0,2023,-10320.710000000001,8160.0,-319.5600377056714
979135922.0,2023,-28477.72,24620.0,-124.10969940954874
979892433.0,2023,-21319.58,18480.0,-1345.565000000001
980500334.0,2023,-9865.57,7370.0,-756.6219338929037
982286721.0,2023,-5696.670000000001,0.0,-3797.200524017729
982949451.0,2023,-22833.93,18205.0,-4222.936667052507
984783496.0,2023,-22205.630000000005,36663.0,16101.688958476458
985188462.0,2023,-18683.79,16430.0,-691.2536112887752
986267641.0,2023,-36359.369999999995,37680.0,5828.314578567127
986774156.0,2023,-24177.760000000002,25790.0,2042.6569316257692
987163717.0,2023,-21894.910000000003,25212.0,4586.546078176684
987229118.0,2023,-21734.46,21900.0,956.8742037797916
987390838.0,2023,-4771.370000000001,0.0,-3222.333741210377
987656636.0,2023,-23919.350000000002,29370.0,6111.178897035102
989506909.0,2023,-3502.2599999999998,0.0,-2598.254870759437
990461108.0,2023,-47214.94,45939.0,627.0678686206109
990894155.0,2023,-19868.85,18634.0,109.10720867884152
992204045.0,2023,-41702.55,50413.0,9203.49969809077
993039226.0,2023,-5192.860000000001,0.0,-4638.861999999994
993238248.0,2023,-9161.67,6200.0,-644.6874873928839
993663752.0,2023,-8793.95,7460.0,-218.97785758960367
994214354.0,2023,-25767.56,35988.0,11111.0372439458
994947671.0,2023,-18535.22000000001,19668.0,1682.7557000000006
995615876.0,2023,-17598.800000000003,19063.0,2331.76286187726
996042490.0,2023,-35268.01,41250.0,7222.008082430419
998390769.0,2023,-21323.35,19500.0,224.6067509405243
998405607.0,2023,-8816.16,6900.0,-278.1714999999981
999752672.0,2023,-30464.72,29788.0,1012.6310935333344
